"Cluster","RankType","Metabolite","Value"
"1","Top","SM.a.C20.5",2.53806827275762
"1","Top","PC.aa.C20.0",2.50105217158984
"1","Top","lyso.PC.a.C22.0",2.22488319271647
"1","Top","Orn",2.15148524417295
"1","Top","Pro",2.11944157479773
"1","Top","PC.ae.C28.5",2.06205928992823
"1","Top","PC.aa.C38.1",2.04912731182463
"1","Top","Gly",2.0023150687842
"1","Top","PC.ae.C38.2",1.9985396586371
"1","Top","PC.aa.C40.1",1.99818226757259
"1","Bottom","PC.aa.C38.6",-2.60926447499335
"1","Bottom","PC.aa.C40.6",-2.59851762334626
"1","Bottom","Carn.3.0",-2.51940979607509
"1","Bottom","Carn.8.1",-2.49728909405729
"1","Bottom","Carn.2.0",-2.48212448391173
"1","Bottom","X4.Methyl.2.oxovalveric.acid",-2.46276864185916
"1","Bottom","X3.Methyl.2.oxobutanoic.acid",-2.44505857527792
"1","Bottom","PC.ae.C38.6",-2.4196353350799
"1","Bottom","PC.ae.C38.5",-2.4131181212612
"1","Bottom","Carn.18.2",-2.4088785845033
"2","Top","PC.ae.C28.5",1.684899891036
"2","Top","SM.e.C30.2",1.6783501275663
"2","Top","FA26.0",1.49253639704811
"2","Top","Taurine",1.35492672466627
"2","Top","SM.e.C24.1",1.30860711451321
"2","Top","FA22.3",1.20678101040951
"2","Top","Ala",1.03536068445843
"2","Top","Glu",1.02811243423073
"2","Top","FA16.3",1.00887821320807
"2","Top","FA24.3",0.983440493576717
"2","Bottom","H1",-2.26055621580855
"2","Bottom","Carn.14.2.OH",-2.10690656513479
"2","Bottom","Carn.20.3",-2.10578194127453
"2","Bottom","Carn.4.0",-2.03630574355277
"2","Bottom","SM.e.C26.1",-1.90775053351216
"2","Bottom","SM.e.C26.5",-1.79084307411997
"2","Bottom","SM.e.C24.5",-1.78246177981431
"2","Bottom","SM.a.C24.6",-1.69778158943056
"2","Bottom","PC.aa.C18.5",-1.56107384073007
"2","Bottom","Carn.18.2.OH",-1.45710002457184
"3","Top","Carn.16.1",2.21984403621661
"3","Top","Carn.20.0",2.05428033786275
"3","Top","FA24.0",1.94364229528032
"3","Top","Carn.14.2",1.83315237013791
"3","Top","Carn.14.1",1.70538314876088
"3","Top","FA16.1",1.55050492815616
"3","Top","FA16.2",1.53595806502207
"3","Top","FA18.1",1.45167721699598
"3","Top","FA14.2",1.43178069057364
"3","Top","FA18.2",1.41975887750861
"3","Bottom","lyso.PC.a.C14.1",-1.41540900016648
"3","Bottom","lyso.PC.a.C18.3",-1.38103379677013
"3","Bottom","PC.aa.C34.5",-1.34758015737412
"3","Bottom","lyso.PC.a.C14.0",-1.24766625460434
"3","Bottom","lyso.PC.a.C18.2",-1.21459153221024
"3","Bottom","PC.ae.C36.6",-1.21340642307967
"3","Bottom","PC.aa.C32.2",-1.10579013134461
"3","Bottom","PC.aa.C34.4",-1.00152530051545
"3","Bottom","PC.aa.C26.6",-0.995429222048547
"3","Bottom","SM.e.C22.2",-0.978638148334433
"4","Top","FA26.3",1.67497299036424
"4","Top","FA12.0",1.41207733230946
"4","Top","SM.e.C26.3",1.38783943122642
"4","Top","FA26.2",1.38098199893699
"4","Top","FA20.0",1.3150162286556
"4","Top","FA26.0",1.31309367932902
"4","Top","FA20.1",1.24495333364467
"4","Top","FA20.2",1.23790237718044
"4","Top","FA18.1",1.21848989737677
"4","Top","FA19.1",1.1296405320755
"4","Bottom","Carn.10.2",-2.40618104092338
"4","Bottom","lyso.PC.a.C22.5",-2.40315481283561
"4","Bottom","SM.e.C22.2",-2.37987884065818
"4","Bottom","lyso.PC.a.C18.2",-2.28405954535789
"4","Bottom","SM.a.C34.0",-2.16856482263554
"4","Bottom","PC.aa.C34.4",-2.12636372255328
"4","Bottom","lyso.PC.a.C14.0",-2.11706450471707
"4","Bottom","SM.a.C26.0",-2.11071935340561
"4","Bottom","SM.a.C40.2",-2.08438937889219
"4","Bottom","lyso.PC.a.C20.4",-2.07782400598173
"5","Top","FA24.0",1.53819657551478
"5","Top","SM.e.C38.3",1.36486029642867
"5","Top","PC.ae.C42.5",1.36160720446569
"5","Top","Arg",1.33819811668139
"5","Top","PC.ae.C36.6",1.25646051308183
"5","Top","SM.a.C24.6",1.19527668634409
"5","Top","PC.ae.C32.1",1.11635958961477
"5","Top","PC.ae.C36.3",1.11370753975513
"5","Top","Carn.20.3",1.08994606233722
"5","Top","PC.ae.C40.5",1.07162178500019
"5","Bottom","SM.e.C24.1",-1.33105862300503
"5","Bottom","Pyruvic.acid",-1.09810508930074
"5","Bottom","SM.e.C20.4",-0.949202743735813
"5","Bottom","lyso.PC.a.C14.1",-0.910620060073809
"5","Bottom","Malic.acid",-0.83966543950494
"5","Bottom","FA26.0",-0.815480138997292
"5","Bottom","Fumaric.acid",-0.784334346413404
"5","Bottom","Alpha.Ketoglutaric.acid",-0.461937243430716
"5","Bottom","FA14.2",-0.428840868966463
"5","Bottom","Lactic.acid",-0.402792183604964
"6","Top","Asn",1.02911907607978
"6","Top","Gln",0.899848744937978
"6","Top","Cit",0.769127348867296
"6","Top","Carn.10.2",0.768952216689761
"6","Top","His",0.728914006284368
"6","Top","Carn.22.5",0.72133468665155
"6","Top","Cys",0.69241123331707
"6","Top","Arg",0.627414113697191
"6","Top","Pro",0.554449199323009
"6","Top","FA26.3",0.519423842077872
"6","Bottom","FA17.2",-1.5440207837689
"6","Bottom","PC.ae.C42.6",-1.516901448896
"6","Bottom","PC.ae.C42.5",-1.46025870768505
"6","Bottom","PC.ae.C40.5",-1.45367969720039
"6","Bottom","lyso.PC.a.C14.1",-1.42160435075485
"6","Bottom","PC.aa.C43.6",-1.40980531743647
"6","Bottom","PC.aa.C42.0",-1.40675805703505
"6","Bottom","PC.ae.C42.4",-1.38553443516766
"6","Bottom","lyso.PC.a.C22.6",-1.35737539574541
"6","Bottom","PC.ae.C32.1",-1.32933421518186
"7","Top","SM.a.C22.1",3.12188685704702
"7","Top","PC.aa.C20.4",2.92179116649896
"7","Top","lyso.PC.a.C20.5",2.80702396998512
"7","Top","SM.e.C22.3",2.7554430882925
"7","Top","SM.e.C30.0",2.67969572113974
"7","Top","PC.aa.C38.2",2.62094171487041
"7","Top","PC.aa.C32.3",2.61875032340987
"7","Top","SM.a.C20.1",2.59974073925655
"7","Top","Carn",2.57939567999255
"7","Top","lyso.PC.a.C18.0",2.56628165607678
"7","Bottom","Asn",-2.65732149408023
"7","Bottom","Gln",-2.45010975290858
"7","Bottom","Taurine",-2.34946109053097
"7","Bottom","X3.Methyl.2.oxovalveric.acid",-1.97159081063481
"7","Bottom","Alpha.Ketoglutaric.acid",-1.80581493852195
"7","Bottom","Alpha.Aminoadipic.acid",-1.77551725392293
"7","Bottom","Cys",-1.75240418389376
"7","Bottom","Carn.6.0",-1.73902526860719
"7","Bottom","X3.Methyl.2.oxobutanoic.acid",-1.47148654096994
"7","Bottom","X4.Methyl.2.oxovalveric.acid",-1.441561299093
"8","Top","SM.e.C26.5",1.43663611342507
"8","Top","Carn.9.0",1.36304312485605
"8","Top","SM.e.C26.1",1.25911434623962
"8","Top","Carn.22.5",1.24464439631403
"8","Top","FA26.3",1.06453825689465
"8","Top","SM.e.C32.1",1.05100324640471
"8","Top","FA26.5",0.986790682017978
"8","Top","FA12.0",0.986716663520828
"8","Top","FA26.1",0.933874642207805
"8","Top","PC.aa.C30.0",0.927298812389905
"8","Bottom","SM.e.C30.2",-1.73791648176841
"8","Bottom","Fumaric.acid",-1.46084125981097
"8","Bottom","Malic.acid",-1.22275982190977
"8","Bottom","Carn.18.2.OH",-1.05466471346375
"8","Bottom","Lactic.acid",-1.03753349044852
"8","Bottom","Succinic.acid",-0.943269412929027
"8","Bottom","SM.a.C20.1",-0.820297403638647
"8","Bottom","Methyl.Malonic.acid",-0.797170481674679
"8","Bottom","Pyruvic.acid",-0.76542858951761
"8","Bottom","PC.aa.C36.0",-0.759753210425635
"9","Top","Alpha.Aminoadipic.acid",1.58604906850051
"9","Top","PC.aa.C40.5",1.43165026793989
"9","Top","SM.e.C26.0",1.39669381012179
"9","Top","Carn.10.1",1.39246154703672
"9","Top","Carn.14.2",1.38603083816347
"9","Top","PC.aa.C38.5",1.34123561290385
"9","Top","PC.ae.C36.5",1.32757027137598
"9","Top","PC.ae.C36.4",1.28687570696364
"9","Top","PC.ae.C36.3",1.28023261386217
"9","Top","PC.aa.C38.4",1.25250615534298
"9","Bottom","PC.aa.C20.0",-0.909472089891766
"9","Bottom","PC.ae.C26.1",-0.854819027837557
"9","Bottom","SM.a.C20.5",-0.827030886949994
"9","Bottom","Glu",-0.822729429665016
"9","Bottom","PC.aa.C22.0",-0.803741374860277
"9","Bottom","Asp",-0.781047999482217
"9","Bottom","SM.e.C28.0",-0.776378680614261
"9","Bottom","PC.aa.C42.3",-0.773865897859732
"9","Bottom","PC.ae.C28.1",-0.754880324091135
"9","Bottom","Pro",-0.730310937408058
"10","Top","Arg",1.42064234777306
"10","Top","Asn",1.02850019538814
"10","Top","Carn.3.0",0.996943870835759
"10","Top","SM.e.C24.1",0.953391892261854
"10","Top","Carn.4.0",0.875094811683635
"10","Top","Cys",0.873208642064412
"10","Top","Lys",0.865947217472972
"10","Top","Carn.8.1",0.853379096129499
"10","Top","Carn.20.3",0.838211898344473
"10","Top","PC.ae.C34.3",0.796802084492862
"10","Bottom","FA20.0",-1.57725510841348
"10","Bottom","FA17.2",-1.54976543366713
"10","Bottom","FA15.0",-1.47409735489561
"10","Bottom","FA16.2",-1.33092342160787
"10","Bottom","FA19.0",-1.32859624400051
"10","Bottom","FA14.1",-1.31109795269831
"10","Bottom","FA18.0",-1.30948901337806
"10","Bottom","FA12.0",-1.30778198020276
"10","Bottom","FA14.0",-1.29965102111651
"10","Bottom","FA24.6",-1.28155150740485
"11","Top","PC.ae.C40.6",1.71060395531896
"11","Top","SM.a.C42.6",1.60238024367945
"11","Top","PC.ae.C40.0",1.57499599741503
"11","Top","SM.e.C34.3",1.52517308315566
"11","Top","Lactic.acid",1.51753945395363
"11","Top","Malic.acid",1.50214857457272
"11","Top","PC.aa.C43.6",1.49946348627808
"11","Top","PC.aa.C30.0",1.48823014277459
"11","Top","SM.a.C40.5",1.47615329363972
"11","Top","PC.aa.C40.6",1.46382771765087
"11","Bottom","FA26.0",-2.19228268697833
"11","Bottom","Carn.22.5",-2.11682225304798
"11","Bottom","FA26.2",-2.06391627595814
"11","Bottom","FA26.1",-2.01900461958409
"11","Bottom","FA26.3",-1.81903139657353
"11","Bottom","lyso.PC.a.C14.3",-1.67814658993758
"11","Bottom","FA26.4",-1.51441523592685
"11","Bottom","Met",-1.31352133524015
"11","Bottom","FA20.2",-1.29173312184135
"11","Bottom","Phe",-1.2556220302389
"12","Top","Carn.10.2",1.71244124000346
"12","Top","Carn.22.6",1.57849553980309
"12","Top","Methyl.Malonic.acid",1.37355589040456
"12","Top","Lactic.acid",1.16036969947836
"12","Top","Pyruvic.acid",1.1175169340109
"12","Top","lyso.PC.a.C18.2",1.07813254461889
"12","Top","SM.e.C28.4",1.07212451958359
"12","Top","SM.e.C24.1",1.05078870613145
"12","Top","SM.e.C22.2",1.03983785579565
"12","Top","Carn.20.3",0.975382595836357
"12","Bottom","FA14.2",-2.71156997202922
"12","Bottom","FA24.1",-2.46642811118083
"12","Bottom","FA22.1",-2.4214838273058
"12","Bottom","FA19.1",-2.41008023957937
"12","Bottom","FA16.3",-2.36995975062818
"12","Bottom","FA15.0",-2.36560906272246
"12","Bottom","FA15.1",-2.35830768264614
"12","Bottom","FA18.4",-2.3577938078846
"12","Bottom","FA17.1",-2.35388088948748
"12","Bottom","FA18.1",-2.2580768614605
"13","Top","Malic.acid",1.92021894696748
"13","Top","Lactic.acid",1.73607270142119
"13","Top","Pyruvic.acid",1.61626808509965
"13","Top","Methyl.Malonic.acid",1.56495608310831
"13","Top","Carn.8.1",1.5373640140235
"13","Top","Fumaric.acid",1.41924683332687
"13","Top","Carn.2.0",1.30556318520591
"13","Top","X4.Methyl.2.oxovalveric.acid",1.20722643516316
"13","Top","Alpha.Ketoglutaric.acid",1.16547789779171
"13","Top","Carn.12.1",1.09918499763806
"13","Bottom","His",-2.38928916640851
"13","Bottom","Lys",-2.21149386387764
"13","Bottom","Pro",-2.2090519071002
"13","Bottom","Gly",-2.16029331537888
"13","Bottom","Ala",-2.15245317778701
"13","Bottom","Phe",-2.13305164724977
"13","Bottom","Thr",-2.10477874005831
"13","Bottom","Tyr",-2.10285668492069
"13","Bottom","Cit",-2.07964463218834
"13","Bottom","Met",-2.04158913551145
